experiment,model,accuracy,macro_precision,macro_recall,macro_f1
baseline,Random Forest,0.9849761904761904,0.967966298876214,0.9677355238686904,0.9678308431395504
smote,Random Forest,0.9832777777777778,0.9619123377404016,0.9655734215114564,0.9637080263997878
smote,Decision Tree,0.982404761904762,0.9475964621778692,0.963790438677688,0.9553352074836984
baseline,Decision Tree,0.9815238095238096,0.939395546718299,0.967119491131414,0.9523349552396944
baseline,Logistic Regression,0.8429523809523809,0.7058823671479413,0.8508828948452501,0.7435253680230837
smote,Logistic Regression,0.7087460317460318,0.5893249122472327,0.7400717132860996,0.6223721999402859
