,precision,recall,f1-score,support
High,0.8448239060832444,0.9419324131366016,0.8907392820974457,4202.0
Low,0.9872130311690751,0.9944987361961531,0.9908424908424909,73983.0
Medium,0.9861497029025776,0.964927324061487,0.9754230927791461,47815.0
accuracy,0.9815238095238096,0.9815238095238096,0.9815238095238096,0.9815238095238096
macro avg,0.939395546718299,0.9671194911314139,0.9523349552396944,126000.0
weighted avg,0.9820609506557956,0.9815238095238096,0.9816527114651454,126000.0
