feature,importance
Soil_Moisture,0.24057884016975303
Temperature_C,0.12539901441866866
Wind_Speed_kmh,0.09628494213528113
Rainfall_mm,0.07060627648520985
Crop_Growth_Stage_Harvest,0.06895513271570346
